Workbook

Sheet 00_README
A1: Padrão ouro de entrada - model-agrologistic
A2: Arquivo base | B2: Dados_Consolidados_Victor_Ajustado.xlsx
A3: Gerado em | B3: 2026-08-25 15:50
A4: Objetivo | B4: Padronizar a leitura dos dados para os modelos determinístico e estocástico da tese do Artur. O solver não deve ler Excel diretamente; o loader transforma esta pasta em ModelData.
A5: Fluxo | B5: Excel .xlsx → excel_loader.py → ModelData → model_validation.py → optimization.py → Gurobi ou Pyomo/SCIP.
A6: Resumo | B6: Oferta: 6300 linhas; Demanda: 4440 linhas; Warehouses: 215; Existentes: 146; Candidatos: 69; Produtos: Milho, Soja; Períodos: 60.
A7: Correção do ∞ | B7: 1200 linhas com ∞ foram convertidas para Tipo_Demanda=EXPORTACAO, Regra_Limite=AUTO_OFERTA_TOTAL_PRODUTO_PERIODO e Peso (ton) em branco.
A8: Regra de exportação | B8: Peso_Modelo (ton) = soma da Oferta!Peso (ton) de todas as origens para o mesmo Produto e Data.
A9: Dados sintéticos | B9: Parâmetros sintéticos foram criados com rastreabilidade em Fonte_Parametro; devem ser substituídos quando houver informação real.
A10: Mudanças futuras | B10: Qualquer melhoria do modelo deve declarar se exige nenhuma alteração, alteração opcional ou alteração necessária no Excel.

Sheet Dicionario_Dados
A1: Aba | B1: Coluna | C1: Obrigatoria | D1: Tipo esperado | E1: Descrição | F1: Uso no modelo | G1: Impacto se alterar
A2: Oferta | B2: Produto/Cidade/Data/Peso (ton) | C2: SIM | D2: texto/texto AAAA-MM numérico | E2: Oferta por origem, produto e período. | F2: supply[o,p,t] | G2: Altera oferta disponível.
A3: Demanda | B3: Tipo_Demanda | C3: SIM | D3: DOMESTICA ou EXPORTACAO | E3: Classifica demanda como obrigatória doméstica ou mercado externo. | F3: domestic_customers/export_customers | G3: Necessária para substituir ∞.
A4: Demanda | B4: Regra_Limite | C4: SIM | D4: FIXO ou AUTO_OFERTA_TOTAL_PRODUTO_PERIODO | E4: Define se Peso_Modelo usa valor informado ou soma da oferta. | F4: demand_dom/demand_exp | G4: Necessária para mercado externo não vinculante.
A5: Demanda | B5: Peso_Modelo (ton) | C5: SIM | D5: fórmula/numérico | E5: Valor efetivo lido pelo modelo. | F5: rhs/upper bound de demanda | G5: Não editar manualmente salvo caso excepcional.
A6: Warehouses | B6: Cap. Estática/Recepção/Expedição | C6: SIM | D6: numérico | E6: Capacidades operacionais dos armazéns. | F6: restrições de capacidade | G6: Altera viabilidade e custo.
A7: Warehouses | B7: Custo_Capacidade_Candidata_Modelo ($/t) | C7: SIM para candidatos | D7: numérico/fórmula | E7: Custo variável sintético ou informado para capacidade candidata escalável. | F7: objetivo investimento | G7: Melhoria do modelo; separa custo fixo de variável.
A8: Warehouses | B8: Cap_Expansao_Maxima_Modelo (t) | C8: Opcional | D8: numérico/fórmula | E8: Limite sintético para expansão futura. | F8: decisão de expansão | G8: Necessária se expansão estiver ativa.
A9: Warehouses | B9: Permite_Granelizacao | C9: Opcional | D9: SIM/NAO | E9: Indica armazéns elegíveis para granelização. | F9: decisão de bulkification | G9: Necessária se granelização estiver ativa.
A10: Parametros_Modelo | B10: unmet/emergency penalties | C10: SIM | D10: numérico | E10: Penalidades globais sintéticas. | F10: objetivo | G10: Alteram comportamento em infeasibilidade.
A11: Cenarios | B11: Cenario/Probabilidade/Ativo | C11: SIM para estocástico | D11: texto/numérico/SIM-NAO | E11: Cenários e probabilidades. | F11: modelo estocástico | G11: Necessária para dois estágios.

Sheet Alteracoes_Modelo
A1: Melhoria/Ajuste | B1: Classificação da alteração no Excel | C1: Status no padrão ouro | D1: Descrição
A2: Substituir ∞ por regra explícita de mercado externo | B2: Necessária | C2: Implementado | D2: Demanda agora tem Tipo_Demanda, Regra_Limite e Peso_Modelo calculado por SUMIFS da Oferta.
A3: Separar custo fixo e custo variável de armazém candidato | B3: Opcional agora; recomendada | C3: Implementado por derivação | D3: Enquanto não houver valores explícitos, custo variável = Custo de Abertura / Cap. Estática Máxima.
A4: Capacidade emergencial por tipo | B4: Opcional | C4: Implementado com default sintético | D4: Penalidades globais estão em Parametros_Modelo e replicadas em Warehouses.
A5: Expansão de capacidade | B5: Necessária quando ativada | C5: Implementado com default sintético | D5: Expansão máxima inicial = 25% da capacidade estática; custo vem da média de Custo_Invest.
A6: Granelização/bulkification | B6: Necessária quando ativada | C6: Implementado com default sintético | D6: Elegibilidade inicial derivada do Tipo; custo vem da média de Custo_Invest.
A7: Cenários estocásticos | B7: Necessária para modelo estocástico | C7: Estrutura criada | D7: Aba Cenarios e templates Oferta_Cenarios/Demanda_Cenarios criados.
A8: OSRM/distância rodoviária | B8: Sem alteração necessária | C8: Preparado | D8: Excel mantém coordenadas; distance_matrix/osrm pode gerar distâncias sem mudar planilha.

Sheet Parametros_Modelo
A1: Parametro | B1: Valor | C1: Unidade | D1: Fonte_Parametro | E1: Observacao
A2: candidate_capacity_mode | B2: SCALABLE | D2: Decisão de modelagem | E2: Candidatos podem escolher capacidade até Cap. Estática Máxima.
A3: candidate_cost_policy | B3: DERIVED_VARIABLE_FROM_TOTAL | D3: Decisão de transição | E3: Enquanto não houver custos separados, custo variável = Custo de Abertura / Cap. Estática Máxima.
A4: unmet_demand_penalty | B4: 1000000 | C4: R$/t | D4: Sintético | E4: Penalidade alta para evitar demanda doméstica não atendida, salvo infeasibilidade.
A5: emergency_static_capacity_penalty | B5: 1000000 | C5: R$/t | D5: Sintético | E5: Penalidade alta para capacidade estática emergencial.
A6: emergency_reception_capacity_penalty | B6: 1000000 | C6: R$/t | D6: Sintético | E6: Penalidade alta para capacidade de recepção emergencial.
A7: export_limit_rule | B7: AUTO_OFERTA_TOTAL_PRODUTO_PERIODO | D7: Tese do Artur | E7: Mercado externo não vinculante: limite = soma da oferta de todas as origens do produto no período e cenário.
A8: days_per_period | B8: 30 | C8: dias/período | D8: Sintético/A confirmar | E8: Parâmetro usado se capacidade de recepção/expedição for diária.
A9: expansion_capacity_fraction_default | B9: 0.25 | C9: fração | D9: Sintético | E9: Valor inicial: expansão máxima = 25% da capacidade estática existente.
A10: expansion_cost_default | B10: =AVERAGE(Custo_Invest!B4:C4) -> 900 | C10: R$/t | D10: Derivado_de_Custo_Invest | E10: Média entre custo baixo e alto de Expansão.
A11: bulkification_cost_default | B11: =AVERAGE(Custo_Invest!B5:C5) -> 520 | C11: R$/t | D11: Derivado_de_Custo_Invest | E11: Média entre custo baixo e alto de Granelização.
A12: distance_source_default | B12: HAVERSINE | D12: Decisão operacional | E12: Para testes locais; OSRM pode substituir por distâncias rodoviárias.
A13: route_filter_strategy | B13: NONE | D13: Decisão operacional | E13: Sem filtragem inicial para preservar completude do modelo.

Sheet Listas
A1: Tipo_Demanda | B1: Regra_Limite | C1: Sim_Nao | D1: Fonte_Parametro | E1: Terminal_Inventory_Policy | F1: Distance_Source
A2: DOMESTICA | B2: FIXO | C2: SIM | D2: Informado | E2: FREE | F2: HAVERSINE
A3: EXPORTACAO | B3: AUTO_OFERTA_TOTAL_PRODUTO_PERIODO | C3: NAO | D3: Derivado_da_Oferta | E3: ZERO | F3: OSRM
D4: Derivado_de_Custo_Invest | E4: PENALIZED
D5: Sintético | E5: TARGET
D6: A_confirmar

Sheet Oferta
A1: Produto | B1: Cidade | C1: Latitude | D1: Longitude | E1: Data | F1: Peso (ton)
A2: Milho | B2: Limoeiro de Anadia - AL | C2: -9.74098 | D2: -36.5121 | E2: 2021-01 | F2: 0
A3: Milho | B3: Limoeiro de Anadia - AL | C3: -9.74098 | D3: -36.5121 | E3: 2021-02 | F3: 0
A4: Milho | B4: Limoeiro de Anadia - AL | C4: -9.74098 | D4: -36.5121 | E4: 2021-03 | F4: 0
A5: Milho | B5: Limoeiro de Anadia - AL | C5: -9.74098 | D5: -36.5121 | E5: 2021-04 | F5: 0
A6: Milho | B6: Limoeiro de Anadia - AL | C6: -9.74098 | D6: -36.5121 | E6: 2021-05 | F6: 0
A7: Milho | B7: Limoeiro de Anadia - AL | C7: -9.74098 | D7: -36.5121 | E7: 2021-06 | F7: 0
A8: Milho | B8: Macapá - AP | C8: 0.034934 | D8: -51.0694 | E8: 2021-01 | F8: 0
A9: Milho | B9: Macapá - AP | C9: 0.034934 | D9: -51.0694 | E9: 2021-02 | F9: 0
A10: Milho | B10: Macapá - AP | C10: 0.034934 | D10: -51.0694 | E10: 2021-03 | F10: 0
A11: Milho | B11: Macapá - AP | C11: 0.034934 | D11: -51.0694 | E11: 2021-04 | F11: 0
A12: Milho | B12: Macapá - AP | C12: 0.034934 | D12: -51.0694 | E12: 2021-05 | F12: 0
A13: Milho | B13: Macapá - AP | C13: 0.034934 | D13: -51.0694 | E13: 2021-06 | F13: 0
... A6301: Soja | B6301: Campos Lindos - TO | C6301: -7.98956 | D6301: -46.8645 | E6301: 2025-12 | F6301: 0

Sheet Demanda
A1: Produto | B1: Cidade | C1: Latitude | D1: Longitude | E1: Data | F1: Peso (ton) | G1: Tipo_Demanda | H1: Regra_Limite | I1: Peso_Modelo (ton) | J1: Fonte_Parametro | K1: Observacao
A2: Milho | B2: Rio Branco - AC | C2: -9.97499 | D2: -67.8243 | E2: 2021-01 | F2: 6817.3778 | G2: DOMESTICA | H2: FIXO | I2: =IF($H2="AUTO_OFERTA_TOTAL_PRODUTO_PERIODO",SUMIFS(Oferta!$F:$F,Oferta!$A:$A,$A2,Oferta!$E:$E,$E2),$F2) -> 6817.3778 | J2: Informado | K2: Demanda doméstica fixa informada pelo usuário.
A3: Milho | B3: Rio Branco - AC | C3: -9.97499 | D3: -67.8243 | E3: 2021-02 | F3: 7846.416 | G3: DOMESTICA | H3: FIXO | I3: =IF($H3="AUTO_OFERTA_TOTAL_PRODUTO_PERIODO",SUMIFS(Oferta!$F:$F,Oferta!$A:$A,$A3,Oferta!$E:$E,$E3),$F3) -> 7846.416 | J3: Informado | K3: Demanda doméstica fixa informada pelo usuário.
A4: Milho | B4: Rio Branco - AC | C4: -9.97499 | D4: -67.8243 | E4: 2021-03 | F4: 9904.4923 | G4: DOMESTICA | H4: FIXO | I4: =IF($H4="AUTO_OFERTA_TOTAL_PRODUTO_PERIODO",SUMIFS(Oferta!$F:$F,Oferta!$A:$A,$A4,Oferta!$E:$E,$E4),$F4) -> 9904.4923 | J4: Informado | K4: Demanda doméstica fixa informada pelo usuário.
A5: Milho | B5: Rio Branco - AC | C5: -9.97499 | D5: -67.8243 | E5: 2021-04 | F5: 16078.721 | G5: DOMESTICA | H5: FIXO | I5: =IF($H5="AUTO_OFERTA_TOTAL_PRODUTO_PERIODO",SUMIFS(Oferta!$F:$F,Oferta!$A:$A,$A5,Oferta!$E:$E,$E5),$F5) -> 16078.721 | J5: Informado | K5: Demanda doméstica fixa informada pelo usuário.
A6: Milho | B6: Rio Branco - AC | C6: -9.97499 | D6: -67.8243 | E6: 2021-05 | F6: 17107.759 | G6: DOMESTICA | H6: FIXO | I6: =IF($H6="AUTO_OFERTA_TOTAL_PRODUTO_PERIODO",SUMIFS(Oferta!$F:$F,Oferta!$A:$A,$A6,Oferta!$E:$E,$E6),$F6) -> 17107.759 | J6: Informado | K6: Demanda doméstica fixa informada pelo usuário.
A7: Milho | B7: Rio Branco - AC | C7: -9.97499 | D7: -67.8243 | E7: 2021-06 | F7: 16078.721 | G7: DOMESTICA | H7: FIXO | I7: =IF($H7="AUTO_OFERTA_TOTAL_PRODUTO_PERIODO",SUMIFS(Oferta!$F:$F,Oferta!$A:$A,$A7,Oferta!$E:$E,$E7),$F7) -> 16078.721 | J7: Informado | K7: Demanda doméstica fixa informada pelo usuário.
A8: Milho | B8: Rio Branco - AC | C8: -9.97499 | D8: -67.8243 | E8: 2021-07 | F8: 9904.4923 | G8: DOMESTICA | H8: FIXO | I8: =IF($H8="AUTO_OFERTA_TOTAL_PRODUTO_PERIODO",SUMIFS(Oferta!$F:$F,Oferta!$A:$A,$A8,Oferta!$E:$E,$E8),$F8) -> 9904.4923 | J8: Informado | K8: Demanda doméstica fixa informada pelo usuário.
A9: Milho | B9: Rio Branco - AC | C9: -9.97499 | D9: -67.8243 | E9: 2021-08 | F9: 7846.416 | G9: DOMESTICA | H9: FIXO | I9: =IF($H9="AUTO_OFERTA_TOTAL_PRODUTO_PERIODO",SUMIFS(Oferta!$F:$F,Oferta!$A:$A,$A9,Oferta!$E:$E,$E9),$F9) -> 7846.416 | J9: Informado | K9: Demanda doméstica fixa informada pelo usuário.
A10: Milho | B10: Rio Branco - AC | C10: -9.97499 | D10: -67.8243 | E10: 2021-09 | F10: 6817.3778 | G10: DOMESTICA | H10: FIXO | I10: =IF($H10="AUTO_OFERTA_TOTAL_PRODUTO_PERIODO",SUMIFS(Oferta!$F:$F,Oferta!$A:$A,$A10,Oferta!$E:$E,$E10),$F10) -> 6817.3778 | J10: Informado | K10: Demanda doméstica fixa informada pelo usuário.
A11: Milho | B11: Rio Branco - AC | C11: -9.97499 | D11: -67.8243 | E11: 2021-10 | F11: 6817.3778 | G11: DOMESTICA | H11: FIXO | I11: =IF($H11="AUTO_OFERTA_TOTAL_PRODUTO_PERIODO",SUMIFS(Oferta!$F:$F,Oferta!$A:$A,$A11,Oferta!$E:$E,$E11),$F11) -> 6817.3778 | J11: Informado | K11: Demanda doméstica fixa informada pelo usuário.
A12: Milho | B12: Rio Branco - AC | C12: -9.97499 | D12: -67.8243 | E12: 2021-11 | F12: 6817.3778 | G12: DOMESTICA | H12: FIXO | I12: =IF($H12="AUTO_OFERTA_TOTAL_PRODUTO_PERIODO",SUMIFS(Oferta!$F:$F,Oferta!$A:$A,$A12,Oferta!$E:$E,$E12),$F12) -> 6817.3778 | J12: Informado | K12: Demanda doméstica fixa informada pelo usuário.
A13: Milho | B13: Rio Branco - AC | C13: -9.97499 | D13: -67.8243 | E13: 2021-12 | F13: 6817.3778 | G13: DOMESTICA | H13: FIXO | I13: =IF($H13="AUTO_OFERTA_TOTAL_PRODUTO_PERIODO",SUMIFS(Oferta!$F:$F,Oferta!$A:$A,$A13,Oferta!$E:$E,$E13),$F13) -> 6817.3778 | J13: Informado | K13: Demanda doméstica fixa informada pelo usuário.
... A3241: Soja | B3241: Porto Alegre - RS | C3241: -30.0318 | D3241: -51.2065 | E3241: 2025-12 | F3241: 286959.02 | G3241: DOMESTICA | H3241: FIXO | I3241: =IF($H3241="AUTO_OFERTA_TOTAL_PRODUTO_PERIODO",SUMIFS(Oferta!$F:$F,Oferta!$A:$A,$A3241,Oferta!$E:$E,$E3241),$F3241) -> 286959.02 | J3241: Informado | K3241: Demanda doméstica fixa informada pelo usuário.
A3242: Milho | B3242: Santos - SP | C3242: -23.9535 | D3242: -46.335 | E3242: 2021-01 | G3242: EXPORTACAO | H3242: AUTO_OFERTA_TOTAL_PRODUTO_PERIODO | I3242: =IF($H3242="AUTO_OFERTA_TOTAL_PRODUTO_PERIODO",SUMIFS(Oferta!$F:$F,Oferta!$A:$A,$A3242,Oferta!$E:$E,$E3242),$F3242) -> 5496553.9 | J3242: Derivado_da_Oferta | K3242: Mercado externo: limite superior calculado automaticamente pela soma da oferta do produto no período.
A3243: Milho | B3243: Santos - SP | C3243: -23.9535 | D3243: -46.335 | E3243: 2021-02 | G3243: EXPORTACAO | H3243: AUTO_OFERTA_TOTAL_PRODUTO_PERIODO | I3243: =IF($H3243="AUTO_OFERTA_TOTAL_PRODUTO_PERIODO",SUMIFS(Oferta!$F:$F,Oferta!$A:$A,$A3243,Oferta!$E:$E,$E3243),$F3243) -> 6034015.1 | J3243: Derivado_da_Oferta | K3243: Mercado externo: limite superior calculado automaticamente pela soma da oferta do produto no período.
A3244: Milho | B3244: Santos - SP | C3244: -23.9535 | D3244: -46.335 | E3244: 2021-03 | G3244: EXPORTACAO | H3244: AUTO_OFERTA_TOTAL_PRODUTO_PERIODO | I3244: =IF($H3244="AUTO_OFERTA_TOTAL_PRODUTO_PERIODO",SUMIFS(Oferta!$F:$F,Oferta!$A:$A,$A3244,Oferta!$E:$E,$E3244),$F3244) -> 7134856 | J3244: Derivado_da_Oferta | K3244: Mercado externo: limite superior calculado automaticamente pela soma da oferta do produto no período.
A3245: Milho | B3245: Santos - SP | C3245: -23.9535 | D3245: -46.335 | E3245: 2021-04 | G3245: EXPORTACAO | H3245: AUTO_OFERTA_TOTAL_PRODUTO_PERIODO | I3245: =IF($H3245="AUTO_OFERTA_TOTAL_PRODUTO_PERIODO",SUMIFS(Oferta!$F:$F,Oferta!$A:$A,$A3245,Oferta!$E:$E,$E3245),$F3245) -> 7918672.3 | J3245: Derivado_da_Oferta | K3245: Mercado externo: limite superior calculado automaticamente pela soma da oferta do produto no período.
A3246: Milho | B3246: Santos - SP | C3246: -23.9535 | D3246: -46.335 | E3246: 2021-05 | G3246: EXPORTACAO | H3246: AUTO_OFERTA_TOTAL_PRODUTO_PERIODO | I3246: =IF($H3246="AUTO_OFERTA_TOTAL_PRODUTO_PERIODO",SUMIFS(Oferta!$F:$F,Oferta!$A:$A,$A3246,Oferta!$E:$E,$E3246),$F3246) -> 10987700 | J3246: Derivado_da_Oferta | K3246: Mercado externo: limite superior calculado automaticamente pela soma da oferta do produto no período.
A3247: Milho | B3247: Santos - SP | C3247: -23.9535 | D3247: -46.335 | E3247: 2021-06 | G3247: EXPORTACAO | H3247: AUTO_OFERTA_TOTAL_PRODUTO_PERIODO | I3247: =IF($H3247="AUTO_OFERTA_TOTAL_PRODUTO_PERIODO",SUMIFS(Oferta!$F:$F,Oferta!$A:$A,$A3247,Oferta!$E:$E,$E3247),$F3247) -> 12862176 | J3247: Derivado_da_Oferta | K3247: Mercado externo: limite superior calculado automaticamente pela soma da oferta do produto no período.
A3248: Milho | B3248: Santos - SP | C3248: -23.9535 | D3248: -46.335 | E3248: 2021-07 | G3248: EXPORTACAO | H3248: AUTO_OFERTA_TOTAL_PRODUTO_PERIODO | I3248: =IF($H3248="AUTO_OFERTA_TOTAL_PRODUTO_PERIODO",SUMIFS(Oferta!$F:$F,Oferta!$A:$A,$A3248,Oferta!$E:$E,$E3248),$F3248) -> 15717778 | J3248: Derivado_da_Oferta | K3248: Mercado externo: limite superior calculado automaticamente pela soma da oferta do produto no período.
A3249: Milho | B3249: Santos - SP | C3249: -23.9535 | D3249: -46.335 | E3249: 2021-08 | G3249: EXPORTACAO | H3249: AUTO_OFERTA_TOTAL_PRODUTO_PERIODO | I3249: =IF($H3249="AUTO_OFERTA_TOTAL_PRODUTO_PERIODO",SUMIFS(Oferta!$F:$F,Oferta!$A:$A,$A3249,Oferta!$E:$E,$E3249),$F3249) -> 11514299 | J3249: Derivado_da_Oferta | K3249: Mercado externo: limite superior calculado automaticamente pela soma da oferta do produto no período.
A3250: Milho | B3250: Santos - SP | C3250: -23.9535 | D3250: -46.335 | E3250: 2021-09 | G3250: EXPORTACAO | H3250: AUTO_OFERTA_TOTAL_PRODUTO_PERIODO | I3250: =IF($H3250="AUTO_OFERTA_TOTAL_PRODUTO_PERIODO",SUMIFS(Oferta!$F:$F,Oferta!$A:$A,$A3250,Oferta!$E:$E,$E3250),$F3250) -> 10592046 | J3250: Derivado_da_Oferta | K3250: Mercado externo: limite superior calculado automaticamente pela soma da oferta do produto no período.
A3251: Milho | B3251: Santos - SP | C3251: -23.9535 | D3251: -46.335 | E3251: 2021-10 | G3251: EXPORTACAO | H3251: AUTO_OFERTA_TOTAL_PRODUTO_PERIODO | I3251: =IF($H3251="AUTO_OFERTA_TOTAL_PRODUTO_PERIODO",SUMIFS(Oferta!$F:$F,Oferta!$A:$A,$A3251,Oferta!$E:$E,$E3251),$F3251) -> 5934527.3 | J3251: Derivado_da_Oferta | K3251: Mercado externo: limite superior calculado automaticamente pela soma da oferta do produto no período.
A3252: Milho | B3252: Santos - SP | C3252: -23.9535 | D3252: -46.335 | E3252: 2021-11 | G3252: EXPORTACAO | H3252: AUTO_OFERTA_TOTAL_PRODUTO_PERIODO | I3252: =IF($H3252="AUTO_OFERTA_TOTAL_PRODUTO_PERIODO",SUMIFS(Oferta!$F:$F,Oferta!$A:$A,$A3252,Oferta!$E:$E,$E3252),$F3252) -> 5131254.4 | J3252: Derivado_da_Oferta | K3252: Mercado externo: limite superior calculado automaticamente pela soma da oferta do produto no período.
A3253: Milho | B3253: Santos - SP | C3253: -23.9535 | D3253: -46.335 | E3253: 2021-12 | G3253: EXPORTACAO | H3253: AUTO_OFERTA_TOTAL_PRODUTO_PERIODO | I3253: =IF($H3253="AUTO_OFERTA_TOTAL_PRODUTO_PERIODO",SUMIFS(Oferta!$F:$F,Oferta!$A:$A,$A3253,Oferta!$E:$E,$E3253),$F3253) -> 5104563.9 | J3253: Derivado_da_Oferta | K3253: Mercado externo: limite superior calculado automaticamente pela soma da oferta do produto no período.
... A4441: Soja | B4441: Vitória - ES | C4441: -20.3155 | D4441: -40.3128 | E4441: 2025-12 | G4441: EXPORTACAO | H4441: AUTO_OFERTA_TOTAL_PRODUTO_PERIODO | I4441: =IF($H4441="AUTO_OFERTA_TOTAL_PRODUTO_PERIODO",SUMIFS(Oferta!$F:$F,Oferta!$A:$A,$A4441,Oferta!$E:$E,$E4441),$F4441) -> 4659.3341 | J4441: Derivado_da_Oferta | K4441: Mercado externo: limite superior calculado automaticamente pela soma da oferta do produto no período.

Sheet Warehouses
A1: CDA | B1: Status | C1: Município | D1: UF | E1: Latitude | F1: Longitude | G1: Armazenador | H1: Tipo | I1: Cap. Estática (t) | J1: Cap. Recepção (t) | K1: Cap. Expedição (t) | L1: Cap. Estática Máxima (t) | M1: Custo de Abertura ($) | N1: Custo_Fixo_Abertura_Modelo ($) | O1: Custo_Capacidade_Candidata_Modelo ($/t) | P1: Permite_Expansao | Q1: Cap_Expansao_Maxima_Modelo (t) | R1: Custo_Expansao_Modelo ($/t) | S1: Permite_Granelizacao | T1: Custo_Granelizacao_Modelo ($/t) | U1: Penalidade_Cap_Estatica_Emerg_Modelo ($/t) | V1: Penalidade_Cap_Recepcao_Emerg_Modelo ($/t) | W1: Fonte_Parametro | X1: Observacao | Y1: Alteracao_Excel_Modelo
A2: 35.0287.0002-6 | B2: Existente | C2: Rio Branco | D2: AC | E2: -9.96491 | F2: -67.83002 | G2: COMPANHIA NACIONAL DE ABASTECIMENTO | H2: Convencional | I2: 890 | J2: 5 | K2: 6 | L2: 0 | M2: 0 | N2: 0 | O2: =IF($B2="Candidato",IF($L2>0,$M2/$L2,0),0) -> 0 | P2: SIM | Q2: =IF($P2="SIM",$I2*Parametros_Modelo!$B$9,0) -> 222.5 | R2: =IF($P2="SIM",Parametros_Modelo!$B$10,0) -> 900 | S2: SIM | T2: =IF($S2="SIM",Parametros_Modelo!$B$11,0) -> 520 | U2: =Parametros_Modelo!$B$5 -> 1000000 | V2: =Parametros_Modelo!$B$6 -> 1000000 | W2: Sintético/Derivado_de_Custo_Invest para expansão, granelização e penalidades | X2: Colunas adicionadas para separar parâmetros do modelo matemático dos dados originais do CDA. | Y2: Opcional agora; necessária se ativar expansão, granelização ou custos candidatos explícitos.
A3: 36.0287.0002-4 | B3: Existente | C3: Maceió | D3: AL | E3: -9.624593 | F3: -35.75397 | G3: COMPANHIA NACIONAL DE ABASTECIMENTO | H3: Convencional | I3: 6430 | J3: 9 | K3: 12 | L3: 0 | M3: 0 | N3: 0 | O3: =IF($B3="Candidato",IF($L3>0,$M3/$L3,0),0) -> 0 | P3: SIM | Q3: =IF($P3="SIM",$I3*Parametros_Modelo!$B$9,0) -> 1607.5 | R3: =IF($P3="SIM",Parametros_Modelo!$B$10,0) -> 900 | S3: SIM | T3: =IF($S3="SIM",Parametros_Modelo!$B$11,0) -> 520 | U3: =Parametros_Modelo!$B$5 -> 1000000 | V3: =Parametros_Modelo!$B$6 -> 1000000 | W3: Sintético/Derivado_de_Custo_Invest para expansão, granelização e penalidades | X3: Colunas adicionadas para separar parâmetros do modelo matemático dos dados originais do CDA. | Y3: Opcional agora; necessária se ativar expansão, granelização ou custos candidatos explícitos.
A4: 36.0287.0016-4 | B4: Existente | C4: Palmeira dos Índios | D4: AL | E4: -9.409169 | F4: -36.626944 | G4: COMPANHIA NACIONAL DE ABASTECIMENTO | H4: Convencional | I4: 3200 | J4: 12 | K4: 10 | L4: 0 | M4: 0 | N4: 0 | O4: =IF($B4="Candidato",IF($L4>0,$M4/$L4,0),0) -> 0 | P4: SIM | Q4: =IF($P4="SIM",$I4*Parametros_Modelo!$B$9,0) -> 800 | R4: =IF($P4="SIM",Parametros_Modelo!$B$10,0) -> 900 | S4: SIM | T4: =IF($S4="SIM",Parametros_Modelo!$B$11,0) -> 520 | U4: =Parametros_Modelo!$B$5 -> 1000000 | V4: =Parametros_Modelo!$B$6 -> 1000000 | W4: Sintético/Derivado_de_Custo_Invest para expansão, granelização e penalidades | X4: Colunas adicionadas para separar parâmetros do modelo matemático dos dados originais do CDA. | Y4: Opcional agora; necessária se ativar expansão, granelização ou custos candidatos explícitos.
A5: 37.0287.0022-7 | B5: Existente | C5: Manaus | D5: AM | E5: -3.109954 | F5: -59.966265 | G5: COMPANHIA NACIONAL DE ABASTECIMENTO | H5: Convencional | I5: 2700 | J5: 60 | K5: 60 | L5: 0 | M5: 0 | N5: 0 | O5: =IF($B5="Candidato",IF($L5>0,$M5/$L5,0),0) -> 0 | P5: SIM | Q5: =IF($P5="SIM",$I5*Parametros_Modelo!$B$9,0) -> 675 | R5: =IF($P5="SIM",Parametros_Modelo!$B$10,0) -> 900 | S5: SIM | T5: =IF($S5="SIM",Parametros_Modelo!$B$11,0) -> 520 | U5: =Parametros_Modelo!$B$5 -> 1000000 | V5: =Parametros_Modelo!$B$6 -> 1000000 | W5: Sintético/Derivado_de_Custo_Invest para expansão, granelização e penalidades | X5: Colunas adicionadas para separar parâmetros do modelo matemático dos dados originais do CDA. | Y5: Opcional agora; necessária se ativar expansão, granelização ou custos candidatos explícitos.
A6: 37.0287.0023-5 | B6: Existente | C6: Manaus | D6: AM | E6: -3.109954 | F6: -59.966265 | G6: COMPANHIA NACIONAL DE ABASTECIMENTO | H6: Convencional | I6: 2100 | J6: 60 | K6: 40 | L6: 0 | M6: 0 | N6: 0 | O6: =IF($B6="Candidato",IF($L6>0,$M6/$L6,0),0) -> 0 | P6: SIM | Q6: =IF($P6="SIM",$I6*Parametros_Modelo!$B$9,0) -> 525 | R6: =IF($P6="SIM",Parametros_Modelo!$B$10,0) -> 900 | S6: SIM | T6: =IF($S6="SIM",Parametros_Modelo!$B$11,0) -> 520 | U6: =Parametros_Modelo!$B$5 -> 1000000 | V6: =Parametros_Modelo!$B$6 -> 1000000 | W6: Sintético/Derivado_de_Custo_Invest para expansão, granelização e penalidades | X6: Colunas adicionadas para separar parâmetros do modelo matemático dos dados originais do CDA. | Y6: Opcional agora; necessária se ativar expansão, granelização ou custos candidatos explícitos.
A7: 39.0287.0002-9 | B7: Existente | C7: Irecê | D7: BA | E7: -11.328675 | F7: -41.865421 | G7: COMPANHIA NACIONAL DE ABASTECIMENTO | H7: Convencional | I7: 2670 | J7: 9 | K7: 12 | L7: 0 | M7: 0 | N7: 0 | O7: =IF($B7="Candidato",IF($L7>0,$M7/$L7,0),0) -> 0 | P7: SIM | Q7: =IF($P7="SIM",$I7*Parametros_Modelo!$B$9,0) -> 667.5 | R7: =IF($P7="SIM",Parametros_Modelo!$B$10,0) -> 900 | S7: SIM | T7: =IF($S7="SIM",Parametros_Modelo!$B$11,0) -> 520 | U7: =Parametros_Modelo!$B$5 -> 1000000 | V7: =Parametros_Modelo!$B$6 -> 1000000 | W7: Sintético/Derivado_de_Custo_Invest para expansão, granelização e penalidades | X7: Colunas adicionadas para separar parâmetros do modelo matemático dos dados originais do CDA. | Y7: Opcional agora; necessária se ativar expansão, granelização ou custos candidatos explícitos.
A8: 39.0287.0003-7 | B8: Existente | C8: Irecê | D8: BA | E8: -11.328675 | F8: -41.865421 | G8: COMPANHIA NACIONAL DE ABASTECIMENTO | H8: Convencional | I8: 2670 | J8: 9 | K8: 12 | L8: 0 | M8: 0 | N8: 0 | O8: =IF($B8="Candidato",IF($L8>0,$M8/$L8,0),0) -> 0 | P8: SIM | Q8: =IF($P8="SIM",$I8*Parametros_Modelo!$B$9,0) -> 667.5 | R8: =IF($P8="SIM",Parametros_Modelo!$B$10,0) -> 900 | S8: SIM | T8: =IF($S8="SIM",Parametros_Modelo!$B$11,0) -> 520 | U8: =Parametros_Modelo!$B$5 -> 1000000 | V8: =Parametros_Modelo!$B$6 -> 1000000 | W8: Sintético/Derivado_de_Custo_Invest para expansão, granelização e penalidades | X8: Colunas adicionadas para separar parâmetros do modelo matemático dos dados originais do CDA. | Y8: Opcional agora; necessária se ativar expansão, granelização ou custos candidatos explícitos.
A9: 39.0287.0004-5 | B9: Existente | C9: Irecê | D9: BA | E9: -11.328675 | F9: -41.865421 | G9: COMPANHIA NACIONAL DE ABASTECIMENTO | H9: Convencional | I9: 2670 | J9: 9 | K9: 12 | L9: 0 | M9: 0 | N9: 0 | O9: =IF($B9="Candidato",IF($L9>0,$M9/$L9,0),0) -> 0 | P9: SIM | Q9: =IF($P9="SIM",$I9*Parametros_Modelo!$B$9,0) -> 667.5 | R9: =IF($P9="SIM",Parametros_Modelo!$B$10,0) -> 900 | S9: SIM | T9: =IF($S9="SIM",Parametros_Modelo!$B$11,0) -> 520 | U9: =Parametros_Modelo!$B$5 -> 1000000 | V9: =Parametros_Modelo!$B$6 -> 1000000 | W9: Sintético/Derivado_de_Custo_Invest para expansão, granelização e penalidades | X9: Colunas adicionadas para separar parâmetros do modelo matemático dos dados originais do CDA. | Y9: Opcional agora; necessária se ativar expansão, granelização ou custos candidatos explícitos.
A10: 39.0287.0005-3 | B10: Existente | C10: Irecê | D10: BA | E10: -11.328675 | F10: -41.865421 | G10: COMPANHIA NACIONAL DE ABASTECIMENTO | H10: Convencional | I10: 2670 | J10: 9 | K10: 12 | L10: 0 | M10: 0 | N10: 0 | O10: =IF($B10="Candidato",IF($L10>0,$M10/$L10,0),0) -> 0 | P10: SIM | Q10: =IF($P10="SIM",$I10*Parametros_Modelo!$B$9,0) -> 667.5 | R10: =IF($P10="SIM",Parametros_Modelo!$B$10,0) -> 900 | S10: SIM | T10: =IF($S10="SIM",Parametros_Modelo!$B$11,0) -> 520 | U10: =Parametros_Modelo!$B$5 -> 1000000 | V10: =Parametros_Modelo!$B$6 -> 1000000 | W10: Sintético/Derivado_de_Custo_Invest para expansão, granelização e penalidades | X10: Colunas adicionadas para separar parâmetros do modelo matemático dos dados originais do CDA. | Y10: Opcional agora; necessária se ativar expansão, granelização ou custos candidatos explícitos.
A11: 39.0287.0014-2 | B11: Existente | C11: Irecê | D11: BA | E11: -11.328675 | F11: -41.865421 | G11: COMPANHIA NACIONAL DE ABASTECIMENTO | H11: Convencional | I11: 6090 | J11: 9 | K11: 12 | L11: 0 | M11: 0 | N11: 0 | O11: =IF($B11="Candidato",IF($L11>0,$M11/$L11,0),0) -> 0 | P11: SIM | Q11: =IF($P11="SIM",$I11*Parametros_Modelo!$B$9,0) -> 1522.5 | R11: =IF($P11="SIM",Parametros_Modelo!$B$10,0) -> 900 | S11: SIM | T11: =IF($S11="SIM",Parametros_Modelo!$B$11,0) -> 520 | U11: =Parametros_Modelo!$B$5 -> 1000000 | V11: =Parametros_Modelo!$B$6 -> 1000000 | W11: Sintético/Derivado_de_Custo_Invest para expansão, granelização e penalidades | X11: Colunas adicionadas para separar parâmetros do modelo matemático dos dados originais do CDA. | Y11: Opcional agora; necessária se ativar expansão, granelização ou custos candidatos explícitos.
A12: 39.0287.0015-0 | B12: Existente | C12: Irecê | D12: BA | E12: -11.328675 | F12: -41.865421 | G12: COMPANHIA NACIONAL DE ABASTECIMENTO | H12: Convencional | I12: 6320 | J12: 9 | K12: 12 | L12: 0 | M12: 0 | N12: 0 | O12: =IF($B12="Candidato",IF($L12>0,$M12/$L12,0),0) -> 0 | P12: SIM | Q12: =IF($P12="SIM",$I12*Parametros_Modelo!$B$9,0) -> 1580 | R12: =IF($P12="SIM",Parametros_Modelo!$B$10,0) -> 900 | S12: SIM | T12: =IF($S12="SIM",Parametros_Modelo!$B$11,0) -> 520 | U12: =Parametros_Modelo!$B$5 -> 1000000 | V12: =Parametros_Modelo!$B$6 -> 1000000 | W12: Sintético/Derivado_de_Custo_Invest para expansão, granelização e penalidades | X12: Colunas adicionadas para separar parâmetros do modelo matemático dos dados originais do CDA. | Y12: Opcional agora; necessária se ativar expansão, granelização ou custos candidatos explícitos.
A13: 39.0287.0032-0 | B13: Existente | C13: Itaberaba | D13: BA | E13: -12.50933 | F13: -40.31043 | G13: COMPANHIA NACIONAL DE ABASTECIMENTO | H13: Convencional | I13: 2030 | J13: 6 | K13: 6 | L13: 0 | M13: 0 | N13: 0 | O13: =IF($B13="Candidato",IF($L13>0,$M13/$L13,0),0) -> 0 | P13: SIM | Q13: =IF($P13="SIM",$I13*Parametros_Modelo!$B$9,0) -> 507.5 | R13: =IF($P13="SIM",Parametros_Modelo!$B$10,0) -> 900 | S13: SIM | T13: =IF($S13="SIM",Parametros_Modelo!$B$11,0) -> 520 | U13: =Parametros_Modelo!$B$5 -> 1000000 | V13: =Parametros_Modelo!$B$6 -> 1000000 | W13: Sintético/Derivado_de_Custo_Invest para expansão, granelização e penalidades | X13: Colunas adicionadas para separar parâmetros do modelo matemático dos dados originais do CDA. | Y13: Opcional agora; necessária se ativar expansão, granelização ou custos candidatos explícitos.
... A147: 80.0287.0017-0 | B147: Existente | C147: Formoso do Araguaia | D147: TO | E147: -11.88624 | F147: -49.610012 | G147: COMPANHIA NACIONAL DE ABASTECIMENTO | H147: Bateria de Silos | I147: 28000 | J147: 60 | K147: 60 | L147: 0 | M147: 0 | N147: 0 | O147: =IF($B147="Candidato",IF($L147>0,$M147/$L147,0),0) -> 0 | P147: SIM | Q147: =IF($P147="SIM",$I147*Parametros_Modelo!$B$9,0) -> 7000 | R147: =IF($P147="SIM",Parametros_Modelo!$B$10,0) -> 900 | S147: NAO | T147: =IF($S147="SIM",Parametros_Modelo!$B$11,0) -> 0 | U147: =Parametros_Modelo!$B$5 -> 1000000 | V147: =Parametros_Modelo!$B$6 -> 1000000 | W147: Sintético/Derivado_de_Custo_Invest para expansão, granelização e penalidades | X147: Colunas adicionadas para separar parâmetros do modelo matemático dos dados originais do CDA. | Y147: Opcional agora; necessária se ativar expansão, granelização ou custos candidatos explícitos.
A148: 79.G590.0003-9 | B148: Candidato | C148: Santos-Sp | D148: SP | E148: -23.56131 | F148: -46.31454 | G148: TEC - TERMINAL EXPORT COFCO LTDA | H148: Graneleiro | I148: 0 | J148: 0 | K148: 0 | L148: 307079 | M148: =L148*AVERAGE(Custo_Invest!$B$2:$C$2) -> 383848750 | N148: 0 | O148: =IF($B148="Candidato",IF($L148>0,$M148/$L148,0),0) -> 1250 | P148: NAO | Q148: =IF($P148="SIM",$I148*Parametros_Modelo!$B$9,0) -> 0 | R148: =IF($P148="SIM",Parametros_Modelo!$B$10,0) -> 0 | S148: NAO | T148: =IF($S148="SIM",Parametros_Modelo!$B$11,0) -> 0 | U148: =Parametros_Modelo!$B$5 -> 1000000 | V148: =Parametros_Modelo!$B$6 -> 1000000 | W148: Derivado: custo candidato = Custo de Abertura / Cap. Estática Máxima; penalidades sintéticas | X148: Colunas adicionadas para separar parâmetros do modelo matemático dos dados originais do CDA. | Y148: Opcional agora; necessária se ativar expansão, granelização ou custos candidatos explícitos.
A149: 56.F194.0007-8 | B149: Candidato | C149: Sorriso-Mt | D149: MT | E149: -12.41281 | F149: -55.64872 | G149: FS INDÚSTRIA DE BIOCOMBUSTÍVEIS LTDA | H149: Graneleiro | I149: 0 | J149: 0 | K149: 0 | L149: 300000 | M149: =L149*AVERAGE(Custo_Invest!$B$2:$C$2) -> 375000000 | N149: 0 | O149: =IF($B149="Candidato",IF($L149>0,$M149/$L149,0),0) -> 1250 | P149: NAO | Q149: =IF($P149="SIM",$I149*Parametros_Modelo!$B$9,0) -> 0 | R149: =IF($P149="SIM",Parametros_Modelo!$B$10,0) -> 0 | S149: NAO | T149: =IF($S149="SIM",Parametros_Modelo!$B$11,0) -> 0 | U149: =Parametros_Modelo!$B$5 -> 1000000 | V149: =Parametros_Modelo!$B$6 -> 1000000 | W149: Derivado: custo candidato = Custo de Abertura / Cap. Estática Máxima; penalidades sintéticas | X149: Colunas adicionadas para separar parâmetros do modelo matemático dos dados originais do CDA. | Y149: Opcional agora; necessária se ativar expansão, granelização ou custos candidatos explícitos.
A150: 76.1685.0023-0 | B150: Candidato | C150: Rio grande-Rs | D150: RS | E150: -32.10111 | F150: -52.1143 | G150: BIANCHINI SA INDUSTRIA COMERCIO E AGRICULTURA | H150: Graneleiro | I150: 0 | J150: 0 | K150: 0 | L150: 284280 | M150: =L150*AVERAGE(Custo_Invest!$B$2:$C$2) -> 355350000 | N150: 0 | O150: =IF($B150="Candidato",IF($L150>0,$M150/$L150,0),0) -> 1250 | P150: NAO | Q150: =IF($P150="SIM",$I150*Parametros_Modelo!$B$9,0) -> 0 | R150: =IF($P150="SIM",Parametros_Modelo!$B$10,0) -> 0 | S150: NAO | T150: =IF($S150="SIM",Parametros_Modelo!$B$11,0) -> 0 | U150: =Parametros_Modelo!$B$5 -> 1000000 | V150: =Parametros_Modelo!$B$6 -> 1000000 | W150: Derivado: custo candidato = Custo de Abertura / Cap. Estática Máxima; penalidades sintéticas | X150: Colunas adicionadas para separar parâmetros do modelo matemático dos dados originais do CDA. | Y150: Opcional agora; necessária se ativar expansão, granelização ou custos candidatos explícitos.
A151: 66.0333.0108-8 | B151: Candidato | C151: Guarapuava-Pr | D151: PR | E151: -25.41544 | F151: -51.56981 | G151: COOPERATIVA AGRÁRIA AGROINDUSTRIAL | H151: Graneleiro | I151: 0 | J151: 0 | K151: 0 | L151: 265800 | M151: =L151*AVERAGE(Custo_Invest!$B$2:$C$2) -> 332250000 | N151: 0 | O151: =IF($B151="Candidato",IF($L151>0,$M151/$L151,0),0) -> 1250 | P151: NAO | Q151: =IF($P151="SIM",$I151*Parametros_Modelo!$B$9,0) -> 0 | R151: =IF($P151="SIM",Parametros_Modelo!$B$10,0) -> 0 | S151: NAO | T151: =IF($S151="SIM",Parametros_Modelo!$B$11,0) -> 0 | U151: =Parametros_Modelo!$B$5 -> 1000000 | V151: =Parametros_Modelo!$B$6 -> 1000000 | W151: Derivado: custo candidato = Custo de Abertura / Cap. Estática Máxima; penalidades sintéticas | X151: Colunas adicionadas para separar parâmetros do modelo matemático dos dados originais do CDA. | Y151: Opcional agora; necessária se ativar expansão, granelização ou custos candidatos explícitos.
A152: 56.F194.0012-4 | B152: Candidato | C152: Nova ubiratã-Mt | D152: MT | E152: -13.03734 | F152: -55.2975 | G152: FS INDÚSTRIA DE BIOCOMBUSTÍVEIS LTDA | H152: Graneleiro | I152: 0 | J152: 0 | K152: 0 | L152: 260000 | M152: =L152*AVERAGE(Custo_Invest!$B$2:$C$2) -> 325000000 | N152: 0 | O152: =IF($B152="Candidato",IF($L152>0,$M152/$L152,0),0) -> 1250 | P152: NAO | Q152: =IF($P152="SIM",$I152*Parametros_Modelo!$B$9,0) -> 0 | R152: =IF($P152="SIM",Parametros_Modelo!$B$10,0) -> 0 | S152: NAO | T152: =IF($S152="SIM",Parametros_Modelo!$B$11,0) -> 0 | U152: =Parametros_Modelo!$B$5 -> 1000000 | V152: =Parametros_Modelo!$B$6 -> 1000000 | W152: Derivado: custo candidato = Custo de Abertura / Cap. Estática Máxima; penalidades sintéticas | X152: Colunas adicionadas para separar parâmetros do modelo matemático dos dados originais do CDA. | Y152: Opcional agora; necessária se ativar expansão, granelização ou custos candidatos explícitos.
A153: 54.C642.0006-4 | B153: Candidato | C153: Uberlândia-Mg | D153: MG | E153: -18.84195 | F153: -48.28959 | G153: INTERFAST SERVICOS E ARMAZENAMENTO LTDA | H153: Graneleiro | I153: 0 | J153: 0 | K153: 0 | L153: 231360 | M153: =L153*AVERAGE(Custo_Invest!$B$2:$C$2) -> 289200000 | N153: 0 | O153: =IF($B153="Candidato",IF($L153>0,$M153/$L153,0),0) -> 1250 | P153: NAO | Q153: =IF($P153="SIM",$I153*Parametros_Modelo!$B$9,0) -> 0 | R153: =IF($P153="SIM",Parametros_Modelo!$B$10,0) -> 0 | S153: NAO | T153: =IF($S153="SIM",Parametros_Modelo!$B$11,0) -> 0 | U153: =Parametros_Modelo!$B$5 -> 1000000 | V153: =Parametros_Modelo!$B$6 -> 1000000 | W153: Derivado: custo candidato = Custo de Abertura / Cap. Estática Máxima; penalidades sintéticas | X153: Colunas adicionadas para separar parâmetros do modelo matemático dos dados originais do CDA. | Y153: Opcional agora; necessária se ativar expansão, granelização ou custos candidatos explícitos.
A154: 55.F764.0001-6 | B154: Candidato | C154: Dourados-Ms | D154: MS | E154: -22.36885 | F154: -54.80108 | G154: INPASA AGROINDUSTRIAL S/A | H154: Graneleiro | I154: 0 | J154: 0 | K154: 0 | L154: 218780 | M154: =L154*AVERAGE(Custo_Invest!$B$2:$C$2) -> 273475000 | N154: 0 | O154: =IF($B154="Candidato",IF($L154>0,$M154/$L154,0),0) -> 1250 | P154: NAO | Q154: =IF($P154="SIM",$I154*Parametros_Modelo!$B$9,0) -> 0 | R154: =IF($P154="SIM",Parametros_Modelo!$B$10,0) -> 0 | S154: NAO | T154: =IF($S154="SIM",Parametros_Modelo!$B$11,0) -> 0 | U154: =Parametros_Modelo!$B$5 -> 1000000 | V154: =Parametros_Modelo!$B$6 -> 1000000 | W154: Derivado: custo candidato = Custo de Abertura / Cap. Estática Máxima; penalidades sintéticas | X154: Colunas adicionadas para separar parâmetros do modelo matemático dos dados originais do CDA. | Y154: Opcional agora; necessária se ativar expansão, granelização ou custos candidatos explícitos.
A155: 79.C376.0001-0 | B155: Candidato | C155: Guarujá-Sp | D155: SP | E155: -23.96813 | F155: -46.288015 | G155: TERMINAL DE GRANÉIS DO GUARUJÁ - TGG | H155: Graneleiro | I155: 0 | J155: 0 | K155: 0 | L155: 216000 | M155: =L155*AVERAGE(Custo_Invest!$B$2:$C$2) -> 270000000 | N155: 0 | O155: =IF($B155="Candidato",IF($L155>0,$M155/$L155,0),0) -> 1250 | P155: NAO | Q155: =IF($P155="SIM",$I155*Parametros_Modelo!$B$9,0) -> 0 | R155: =IF($P155="SIM",Parametros_Modelo!$B$10,0) -> 0 | S155: NAO | T155: =IF($S155="SIM",Parametros_Modelo!$B$11,0) -> 0 | U155: =Parametros_Modelo!$B$5 -> 1000000 | V155: =Parametros_Modelo!$B$6 -> 1000000 | W155: Derivado: custo candidato = Custo de Abertura / Cap. Estática Máxima; penalidades sintéticas | X155: Colunas adicionadas para separar parâmetros do modelo matemático dos dados originais do CDA. | Y155: Opcional agora; necessária se ativar expansão, granelização ou custos candidatos explícitos.
A156: 55.6751.0001-9 | B156: Candidato | C156: Maracaju-Ms | D156: MS | E156: -21.77366 | F156: -54.95869 | G156: NEOMILLE S.A. | H156: Graneleiro | I156: 0 | J156: 0 | K156: 0 | L156: 214910 | M156: =L156*AVERAGE(Custo_Invest!$B$2:$C$2) -> 268637500 | N156: 0 | O156: =IF($B156="Candidato",IF($L156>0,$M156/$L156,0),0) -> 1250 | P156: NAO | Q156: =IF($P156="SIM",$I156*Parametros_Modelo!$B$9,0) -> 0 | R156: =IF($P156="SIM",Parametros_Modelo!$B$10,0) -> 0 | S156: NAO | T156: =IF($S156="SIM",Parametros_Modelo!$B$11,0) -> 0 | U156: =Parametros_Modelo!$B$5 -> 1000000 | V156: =Parametros_Modelo!$B$6 -> 1000000 | W156: Derivado: custo candidato = Custo de Abertura / Cap. Estática Máxima; penalidades sintéticas | X156: Colunas adicionadas para separar parâmetros do modelo matemático dos dados originais do CDA. | Y156: Opcional agora; necessária se ativar expansão, granelização ou custos candidatos explícitos.
A157: 56.F764.0001-4 | B157: Candidato | C157: Nova mutum-Mt | D157: MT | E157: -13.77923 | F157: -56.0531 | G157: INPASA AGROINDUSTRIAL S/A | H157: Graneleiro | I157: 0 | J157: 0 | K157: 0 | L157: 208070 | M157: =L157*AVERAGE(Custo_Invest!$B$2:$C$2) -> 260087500 | N157: 0 | O157: =IF($B157="Candidato",IF($L157>0,$M157/$L157,0),0) -> 1250 | P157: NAO | Q157: =IF($P157="SIM",$I157*Parametros_Modelo!$B$9,0) -> 0 | R157: =IF($P157="SIM",Parametros_Modelo!$B$10,0) -> 0 | S157: NAO | T157: =IF($S157="SIM",Parametros_Modelo!$B$11,0) -> 0 | U157: =Parametros_Modelo!$B$5 -> 1000000 | V157: =Parametros_Modelo!$B$6 -> 1000000 | W157: Derivado: custo candidato = Custo de Abertura / Cap. Estática Máxima; penalidades sintéticas | X157: Colunas adicionadas para separar parâmetros do modelo matemático dos dados originais do CDA. | Y157: Opcional agora; necessária se ativar expansão, granelização ou custos candidatos explícitos.
A158: 79.G140.0001-3 | B158: Candidato | C158: Itaberá-Sp | D158: SP | E158: -23.83752 | F158: -49.19994 | G158: CELSO RICARDO GOMES DE LIMA E OUTROS | H158: Convencional | I158: 0 | J158: 0 | K158: 0 | L158: 300000 | M158: =L158*AVERAGE(Custo_Invest!$B$2:$C$2) -> 375000000 | N158: 0 | O158: =IF($B158="Candidato",IF($L158>0,$M158/$L158,0),0) -> 1250 | P158: NAO | Q158: =IF($P158="SIM",$I158*Parametros_Modelo!$B$9,0) -> 0 | R158: =IF($P158="SIM",Parametros_Modelo!$B$10,0) -> 0 | S158: SIM | T158: =IF($S158="SIM",Parametros_Modelo!$B$11,0) -> 520 | U158: =Parametros_Modelo!$B$5 -> 1000000 | V158: =Parametros_Modelo!$B$6 -> 1000000 | W158: Derivado: custo candidato = Custo de Abertura / Cap. Estática Máxima; penalidades sintéticas | X158: Colunas adicionadas para separar parâmetros do modelo matemático dos dados originais do CDA. | Y158: Opcional agora; necessária se ativar expansão, granelização ou custos candidatos explícitos.
A159: 79.6690.0001-3 | B159: Candidato | C159: Barueri-Sp | D159: SP | E159: -23.5108 | F159: -46.82231 | G159: APOIO LOGISTICA E SERVICOS LTDA | H159: Convencional | I159: 0 | J159: 0 | K159: 0 | L159: 133340 | M159: =L159*AVERAGE(Custo_Invest!$B$2:$C$2) -> 166675000 | N159: 0 | O159: =IF($B159="Candidato",IF($L159>0,$M159/$L159,0),0) -> 1250 | P159: NAO | Q159: =IF($P159="SIM",$I159*Parametros_Modelo!$B$9,0) -> 0 | R159: =IF($P159="SIM",Parametros_Modelo!$B$10,0) -> 0 | S159: SIM | T159: =IF($S159="SIM",Parametros_Modelo!$B$11,0) -> 520 | U159: =Parametros_Modelo!$B$5 -> 1000000 | V159: =Parametros_Modelo!$B$6 -> 1000000 | W159: Derivado: custo candidato = Custo de Abertura / Cap. Estática Máxima; penalidades sintéticas | X159: Colunas adicionadas para separar parâmetros do modelo matemático dos dados originais do CDA. | Y159: Opcional agora; necessária se ativar expansão, granelização ou custos candidatos explícitos.
... A216: 48.F852.0001-3 | B216: Candidato | C216: Indiara-Go | D216: GO | E216: -17.12398 | F216: -49.9625 | G216: SEMENTES MANÁ | H216: Depósito | I216: 0 | J216: 0 | K216: 0 | L216: 14010 | M216: =L216*AVERAGE(Custo_Invest!$B$2:$C$2) -> 17512500 | N216: 0 | O216: =IF($B216="Candidato",IF($L216>0,$M216/$L216,0),0) -> 1250 | P216: NAO | Q216: =IF($P216="SIM",$I216*Parametros_Modelo!$B$9,0) -> 0 | R216: =IF($P216="SIM",Parametros_Modelo!$B$10,0) -> 0 | S216: SIM | T216: =IF($S216="SIM",Parametros_Modelo!$B$11,0) -> 520 | U216: =Parametros_Modelo!$B$5 -> 1000000 | V216: =Parametros_Modelo!$B$6 -> 1000000 | W216: Derivado: custo candidato = Custo de Abertura / Cap. Estática Máxima; penalidades sintéticas | X216: Colunas adicionadas para separar parâmetros do modelo matemático dos dados originais do CDA. | Y216: Opcional agora; necessária se ativar expansão, granelização ou custos candidatos explícitos.

Sheet Frete
A1: Estado | B1: Frete Tonelada Km | C1: Fonte_Parametro | D1: Observacao
A2: AC | B2: 0.2648 | C2: Informado | D2: Mantido do arquivo original; revisar fonte e unidade se necessário.
A3: AL | B3: 0.2648 | C3: Informado | D3: Mantido do arquivo original; revisar fonte e unidade se necessário.
A4: AP | B4: 0.2648 | C4: Informado | D4: Mantido do arquivo original; revisar fonte e unidade se necessário.
A5: AM | B5: 0.1969 | C5: Informado | D5: Mantido do arquivo original; revisar fonte e unidade se necessário.
A6: BA | B6: 0.2584 | C6: Informado | D6: Mantido do arquivo original; revisar fonte e unidade se necessário.
A7: CE | B7: 0.2648 | C7: Informado | D7: Mantido do arquivo original; revisar fonte e unidade se necessário.
A8: DF | B8: 0.294 | C8: Informado | D8: Mantido do arquivo original; revisar fonte e unidade se necessário.
A9: ES | B9: 0.2648 | C9: Informado | D9: Mantido do arquivo original; revisar fonte e unidade se necessário.
A10: GO | B10: 0.3682 | C10: Informado | D10: Mantido do arquivo original; revisar fonte e unidade se necessário.
A11: MA | B11: 0.2943 | C11: Informado | D11: Mantido do arquivo original; revisar fonte e unidade se necessário.
A12: MT | B12: 0.1842 | C12: Informado | D12: Mantido do arquivo original; revisar fonte e unidade se necessário.
A13: MS | B13: 0.2174 | C13: Informado | D13: Mantido do arquivo original; revisar fonte e unidade se necessário.
... A28: TO | B28: 0.3826 | C28: Informado | D28: Mantido do arquivo original; revisar fonte e unidade se necessário.

Sheet Tarifa_Armz
A1: Produto | B1: Armazenar_Publico | C1: Armazenar_Privado | D1: Fonte_Parametro | E1: Observacao
A2: Outros | B2: 50 | C2: 50 | D2: Informado | E2: Mantido do arquivo original; revisar fonte e unidade se necessário.
A3: Soja | B3: 45 | C3: 45 | D3: Informado | E3: Mantido do arquivo original; revisar fonte e unidade se necessário.
A4: Milho | B4: 48 | C4: 48 | D4: Informado | E4: Mantido do arquivo original; revisar fonte e unidade se necessário.

Sheet Custo_Invest
A1: Tipo | B1: Custo Baixo (R$/t) | C1: Custo Alto (R$/t) | D1: Custo Médio (R$/t) | E1: Fonte_Parametro | F1: Observacao
A2: Novo Armazém Convencional | B2: 1000 | C2: 1500 | D2: =AVERAGE(B2:C2) -> 1250 | E2: Informado | F2: Custo médio usado como valor sintético inicial quando o modelo exigir parâmetro único.
A3: Novo Silo Metálico | B3: 785 | C3: 1310 | D3: =AVERAGE(B3:C3) -> 1047.5 | E3: Informado | F3: Custo médio usado como valor sintético inicial quando o modelo exigir parâmetro único.
A4: Expansão | B4: 600 | C4: 1200 | D4: =AVERAGE(B4:C4) -> 900 | E4: Informado | F4: Custo médio usado como valor sintético inicial quando o modelo exigir parâmetro único.
A5: Granelização | B5: 380 | C5: 660 | D5: =AVERAGE(B5:C5) -> 520 | E5: Informado | F5: Custo médio usado como valor sintético inicial quando o modelo exigir parâmetro único.

Sheet Cenarios
A1: Cenario | B1: Probabilidade | C1: Ativo | D1: Multiplicador_Oferta | E1: Multiplicador_Demanda_Domestica | F1: Descricao | G1: Fonte_Parametro | H1: Observacao
A2: base | B2: 1 | C2: SIM | D2: 1 | E2: 1 | F2: Cenário determinístico/base | G2: Informado | H2: Padrão para leitura determinística e primeiro teste estocástico degenerado.
A3: baixo | B3: 0.25 | C3: NAO | D3: 0.85 | E3: 0.95 | F3: Exemplo sintético: oferta baixa | G3: Sintético | H3: Ativar apenas quando for testar o modelo estocástico.
A4: alto | B4: 0.25 | C4: NAO | D4: 1.15 | E4: 1.05 | F4: Exemplo sintético: oferta alta | G4: Sintético | H4: Ativar apenas quando for testar o modelo estocástico.

Sheet Oferta_Cenarios
A1: Cenario | B1: Produto | C1: Cidade | D1: Latitude | E1: Longitude | F1: Data | G1: Peso (ton) | H1: Multiplicador | I1: Fonte_Parametro | J1: Observacao

Sheet Demanda_Cenarios
A1: Cenario | B1: Produto | C1: Cidade | D1: Latitude | E1: Longitude | F1: Data | G1: Tipo_Demanda | H1: Regra_Limite | I1: Peso (ton) | J1: Peso_Modelo (ton) | K1: Multiplicador | L1: Fonte_Parametro | M1: Observacao
